ADMIN,ADMIN_PRO_MAX@gmail.com,+380634967469,$2y$12$WFD3h5FGXLkWIP1wX2C3AO7ifnWSugDi1y8hsavfPmBh1PQ2q/XgC
SmA1l260111,adamsevastanov220@gmail.com,+380634967470,$2y$12$WFD3h5FGXLkWIP1wX2C3AO7ifnWSugDi1y8hsavfPmBh1PQ2q/XgC,img/SmA1l260111.png
ADDINER,adam@gmail.com,+380634967471,$2y$12$Tvhf2qbTZVHhIBH6OJVgROz1wFhKz1w4Mt4kF0YUPmZAoiHv/NbDW
ADDINER,ADDINER@gmail.com,+380634967472,$2y$12$E.cn3ShxQsq33Pw8J9kOn.3/7O3l8gNXeBBZAzYgH0QRX8zk2oG6a,img/ADDINER.jpg
adam777proSIGMAaaaaaaaaaaaaaaaaaaaaaaaaaaaaaaaaaaa,adam777proSIGMA@gmail.com,+380634967473,$2y$12$wd.2j/5s6KvjHU1aneOk7Oq97g8x03LVx/cMN99OT/TBIxxtErEJ.,img/adam777proSIGMA.png
XVOUYTWAHMHAWTYUOVX,LOX@gmail.com,+380634967474,$2y$12$Vswy2fFYeY4/if6heg/WgeLcibtBte0VXNtMn3ZOimu6ft0QgKq9S,img/adam.png
DAVID,david2010@gmail.com,+380634967475,$2y$12$suCzxVMSp/njApwXxqBW4uu6b7fPaYkGMG1fxJSUDug9u6osmHMZu
SmA1l2011,SmA1l2011@gmail.com,+380634967476,$2y$12$5h0EFLk6K.GfzR.dLmVbN.6J5QQDHacdtWEx/.wbj0J8HqUqo1S26
sasha,test@gmail.com,+380634967477,$2y$12$5h0EFLk6K.GfzR.dLmVbN.6J5QQDHacdtWEx/sasha.GfzR,img/sasha.png
SmA1l2011,daa@gmail.com,+380634967468,$2y$12$y7VKCCc/.PzARvAOrvBS8OQZ0DB3UEAj3n6szIdiYhlcy5Ok.DZZ6
